method,success_rate,std
random,0.4222222222222222,0.03142696805273544
world-model planning (no VLM),0.7111111111111111,0.03142696805273544
world-model planning + VLM,0.5777777777777778,0.1133115447465063
